cgpa,mcq_score,code_score,project_score,internships,projects_done,backlogs,placed
7.2,74,61,70,0,3,1,0
8.1,79,79,90,3,2,0,1
8.9,65,76,69,1,3,0,0
8.5,77,44,31,1,1,0,0
5.6,48,41,45,1,0,1,1
5.5,33,25,25,0,1,3,0
6.1,52,45,66,0,3,1,0
5.6,75,91,99,1,3,0,1
5.9,55,93,89,1,6,0,1
9.5,98,66,96,3,5,0,1
6.2,58,75,49,0,2,1,0
9.3,94,82,77,2,2,0,1
6.5,77,91,81,2,4,0,1
6.6,79,50,62,0,1,0,1
7.9,93,76,68,3,2,0,1
7.0,78,90,87,1,4,0,1
7.0,72,76,71,2,1,1,0
8.1,67,29,44,0,1,0,0
7.3,49,47,67,0,3,0,0
7.3,57,53,71,1,2,2,0
6.4,40,45,42,0,1,1,0
7.8,96,68,94,3,2,0,1
5.4,54,53,43,1,2,1,0
6.5,65,50,45,1,2,0,0
6.1,69,65,67,0,4,2,0
7.0,69,65,54,0,1,2,1
7.4,76,78,72,0,1,1,1
6.8,56,53,54,2,3,1,0
6.3,40,28,28,0,2,3,0
6.2,47,49,23,0,1,2,0
8.0,80,82,88,1,6,0,1
9.2,70,92,92,2,3,0,1
7.4,63,76,45,1,2,2,0
6.2,75,45,47,0,3,1,0
8.8,70,21,28,0,1,0,0
6.1,68,75,50,2,4,2,1
5.4,27,22,52,0,2,3,0
5.5,26,52,42,1,1,3,0
8.4,72,21,22,0,2,0,0
6.1,68,72,52,1,4,1,1
6.9,74,49,77,0,2,1,0
6.5,86,81,76,1,3,0,1
9.1,92,94,93,1,5,0,1
8.2,83,66,90,1,2,0,0
5.8,31,23,24,0,2,1,0
9.0,89,71,90,2,5,0,1
9.3,99,71,80,2,3,0,1
8.5,92,89,97,2,4,0,1
6.4,30,25,37,1,0,3,0
6.8,61,67,59,1,1,2,0
6.6,77,67,59,2,2,0,0
6.2,72,83,92,2,4,0,1
7.5,78,73,90,1,5,0,1
6.2,44,45,30,1,2,1,0
6.2,46,52,23,1,0,1,0
6.6,77,50,76,0,4,0,0
6.2,54,41,43,0,0,2,1
6.8,79,59,69,2,2,0,0
6.0,55,96,77,2,3,0,1
6.1,59,66,58,2,4,0,0
6.1,61,93,94,2,5,0,1
6.6,58,51,47,1,2,0,0
9.1,99,83,80,1,2,0,1
9.3,69,92,71,3,2,0,1
8.3,81,97,76,3,4,0,1
5.8,23,31,21,1,0,1,1
9.2,91,66,90,3,3,0,1
6.6,72,92,64,2,3,0,1
6.7,46,57,55,0,2,1,1
6.1,35,23,40,0,1,2,0
9.3,65,80,69,1,6,0,1
5.7,36,43,44,0,2,2,0
7.7,77,39,26,0,1,0,0
8.7,95,67,88,2,2,0,1
6.1,32,50,43,0,0,2,0
6.8,69,62,52,0,2,0,1
9.1,73,70,80,3,2,0,1
5.4,31,39,24,1,2,3,0
6.9,62,66,78,1,1,2,0
7.5,45,66,73,1,3,2,1
9.3,85,97,76,2,3,0,1
7.0,72,71,61,1,4,1,1
7.6,86,86,70,1,3,0,1
7.5,70,91,93,1,2,0,1
9.2,93,72,86,3,5,0,1
6.0,47,56,45,1,2,1,0
7.6,68,38,35,0,1,0,0
9.1,72,91,91,2,6,0,1
9.5,91,94,88,2,5,0,1
6.9,62,76,68,2,3,0,0
9.3,76,66,67,1,2,0,1
5.8,51,36,36,0,2,2,0
6.9,50,70,78,2,1,1,1
8.4,89,93,82,1,4,0,1
8.6,72,88,75,1,5,0,1
9.3,66,69,90,3,4,0,1
7.8,72,34,29,1,1,0,0
9.2,71,72,99,3,5,0,0
9.0,83,90,67,3,5,0,1
5.9,46,24,39,1,2,2,0
7.7,67,71,85,2,4,0,1
9.7,75,72,84,1,5,0,1
5.8,28,41,23,0,2,1,1
5.0,50,25,46,0,0,3,0
7.2,53,61,53,0,1,2,0
6.2,36,44,31,0,1,2,0
8.2,93,79,65,1,2,0,1
6.8,67,69,79,0,1,2,1
7.2,65,49,63,1,3,1,0
5.9,29,36,45,0,2,1,0
6.0,76,92,92,1,6,0,1
8.4,72,85,83,1,4,0,1
6.8,83,77,94,2,5,0,1
7.9,64,31,31,0,2,0,0
7.4,50,75,63,0,4,0,0
6.1,28,48,33,1,2,1,0
7.3,58,75,63,0,4,2,1
7.7,84,65,72,3,2,0,1
8.2,66,36,33,0,2,0,0
8.4,97,82,65,3,5,0,1
9.6,85,96,87,3,6,0,1
6.1,67,54,46,1,1,1,1
7.6,76,29,44,0,1,0,0
8.2,75,43,38,0,2,0,0
8.1,81,88,69,3,4,0,1
8.2,66,66,92,1,4,0,1
7.2,68,68,73,3,2,0,1
6.2,20,45,48,1,1,2,0
7.3,79,45,65,0,2,0,1
9.7,88,93,95,1,6,0,0
6.2,77,92,87,2,4,0,1
8.8,72,69,68,1,2,0,1
6.5,58,70,71,1,1,1,1
9.0,71,38,24,1,2,0,0
9.2,90,99,89,3,6,0,1
5.2,21,20,24,0,1,1,0
7.5,91,92,80,1,2,0,1
7.5,74,46,59,2,2,1,0
7.7,69,76,80,2,5,0,1
6.3,29,38,53,0,1,3,0
7.2,85,73,62,2,2,0,1
7.0,58,87,94,1,6,0,1
9.1,62,91,87,3,2,0,1
8.5,90,90,87,3,5,0,1
6.7,65,70,69,2,3,0,0
8.9,80,97,68,2,4,0,1
8.1,68,93,82,2,3,0,1
6.7,75,49,58,2,2,2,0
6.2,60,52,48,2,3,2,1
7.4,65,58,53,1,1,2,1
6.9,59,90,80,1,3,0,1
9.0,82,81,68,1,2,0,1
6.9,73,48,54,2,1,0,0
9.8,78,95,79,2,5,0,1
8.6,99,86,91,1,6,0,1
7.0,70,78,51,0,2,1,1
6.4,79,89,99,2,5,0,1
5.7,49,35,38,0,0,1,1
9.0,93,77,96,3,4,0,1
6.9,45,47,57,0,1,2,1
6.1,78,83,86,1,3,0,1
5.0,48,27,20,1,2,2,0
6.3,66,81,97,1,4,0,1
8.6,94,70,72,3,5,0,1
7.4,57,63,56,1,2,0,0
8.7,97,94,87,3,5,0,1
7.1,58,55,57,2,2,0,0
9.2,65,98,96,1,3,0,1
6.5,72,93,71,2,3,0,1
7.4,75,46,79,0,4,0,1
8.0,80,77,94,2,4,0,1
6.7,77,68,59,2,4,1,1
8.5,88,79,96,1,2,0,1
7.0,56,47,45,2,1,0,0
8.4,80,41,26,0,1,0,0
9.1,83,83,75,1,3,0,1
6.0,39,41,47,0,0,1,0
8.8,69,83,68,3,2,0,1
8.6,82,24,41,0,1,0,0
8.5,72,75,84,1,4,0,1
8.6,88,67,86,1,5,0,1
8.5,86,93,78,2,4,0,1
6.1,39,38,54,0,2,2,0
5.3,49,42,38,0,0,1,0
8.7,68,27,36,0,1,0,0
6.4,74,75,68,1,2,2,0
6.3,66,70,69,2,1,0,0
6.1,48,52,49,1,2,3,0
7.0,78,78,62,2,3,2,1
6.5,79,63,64,1,3,0,1
6.4,45,31,45,1,2,2,0
6.9,66,74,91,3,3,0,1
9.1,77,67,70,1,5,0,1
7.7,67,91,64,3,3,0,1
6.8,63,47,57,2,2,1,1
6.7,70,48,63,0,2,0,1
8.5,65,69,90,3,4,0,1
6.5,73,76,63,2,3,2,0
6.8,73,92,88,2,3,0,1
6.7,77,66,65,1,1,0,1
